Step,Name,Sequence (5' -> 3'),Notes
3.1,CROPseq-PrimeF-BgL-BsmBI,GAGCCTCGTCTCCCACCG\textbf{NNNNNNNNNNNNNNNNNNNN}GTTTTGAGACGCATGCTGCA,The N20 sequence is a random string of oligonucleotides
3.1,CROPseq-RevExt-BgL-BsmBI,TGCAGCATGCGTCTCAAAAC,
3.1,10X PrimeF-BgL-BbsI,GCCTGAAGACCTCACCG\textbf{NNNNNNNNNNNNNNNNNNNN}GTTTTAGTCTTCCATGCTGC,The N20 sequence is a random string of oligonucleotides
3.1,10X-RevExt-BgL-BbsI,TGCAGCATGGAAGACTAAAAC, 
"3.2, 3.7",PrimeR\_cropseq,CAAGCAGAAGACGGCATACGAGAT\textbf{NNNNNN}GTGACTGGAGTTCAGACGTGTGCTCTTCCGATCTGGACTAGCCTTATTTTAACTTGCTATTTCTAGCTC,The N6 sequence is where the i7 Illumina index should be placed
"3.2, 3.7",PrimeR\_10x,CAAGCAGAAGACGGCATACGAGAT\textbf{NNNNNN}GTGACTGGAGTTCAGACGTGTGCTCTTCCGATCTCTAGGACCGGCCTTAAAGC,The N6 sequence is where the i7 Illumina index should be placed
"3.2, 3.7",PrimeF PAS-hU6\_F,equimolar mixture of UniF PAS primers, 
"3.2, 3.7",UniF PASx0 1 stage,AATGATACGGCGACCACCGAGATCTACACTCTTTCCCTACACGACGCTCTTCCGATCTGCTTTATATATCTTGTGGAAAGGACGAAAC, 
"3.2, 3.7",UniF PASx1 1 stage,AATGATACGGCGACCACCGAGATCTACACTCTTTCCCTACACGACGCTCTTCCGATCTCGCTTTATATATCTTGTGGAAAGGACGAAAC, 
"3.2, 3.7",UniF PASx2 1 stage,AATGATACGGCGACCACCGAGATCTACACTCTTTCCCTACACGACGCTCTTCCGATCTGCGCTTTATATATCTTGTGGAAAGGACGAAAC, 
"3.2, 3.7",UniF PASx3 1 stage,AATGATACGGCGACCACCGAGATCTACACTCTTTCCCTACACGACGCTCTTCCGATCTAGCGCTTTATATATCTTGTGGAAAGGACGAAAC, 
"3.2, 3.7",UniF PASx4 1 stage,AATGATACGGCGACCACCGAGATCTACACTCTTTCCCTACACGACGCTCTTCCGATCTCAACGCTTTATATATCTTGTGGAAAGGACGAAAC, 
"3.2, 3.7",UniF PASx6 1 stage,AATGATACGGCGACCACCGAGATCTACACTCTTTCCCTACACGACGCTCTTCCGATCTTGCACCGCTTTATATATCTTGTGGAAAGGACGAAAC, 
3.8,Bg-AB-fwd,TACTCGACCAAGAACCGC\textbf{NNNNNNNNNNNNNNNNNNNN}AAGGTGGATTAGTTCTCT,Insert barcode in place of N20
3.8,Bg-AB-rev,AAGCAGAGAACTAATCCACC\textbf{NNNNNNNNNNNNNNNNNNNN}TTGCGGTTCTTGGTCG,Insert reverse-complement barcode in place of N20
3.8,Bg-BC-fwd,GCTTGTCCTGCGGTTACCC\textbf{NNNNNNNNNNNNNNNNNNNN}AGGCTGTAATCCAGCTG,Insert barcode in place of N20
3.8,Bg-BC-rev,AGCGCAGCTGGATTACAGCC\textbf{NNNNNNNNNNNNNNNNNNNN}TGGGTAACCGCAGGAC,Insert reverse-complement barcode in place of N20
3.8,Bg-CD-fwd,CGCTGTGGTATCACTCGTC\textbf{NNNNNNNNNNNNNNNNNNNN}AGGCTCAGCTAAGGTGC,Insert barcode in place of N20
3.8,Bg-CD-rev,CATTGCACCTTAGCTGAGCC\textbf{NNNNNNNNNNNNNNNNNNNN}TGACGAGTGATACCAC,Insert reverse-complement barcode in place of N20
